
JJRj8zYztspDZVj5Qm4Mjw==,Alyssa Navarro,Fri Oct 10 02:19:29 PST 2025
KnhEIvYk4AmsAGmdqCt85g==,Camille Dizon,Fri Oct 10 03:56:05 PST 2025
8QuZyf4DJ32Mptv5qkJUFQ==,Darren Cruz,Fri Oct 10 03:58:56 PST 2025
wO7VTU9pI/uIHpaSW3KGkw==,Alyssa Navarro,Fri Oct 10 03:59:02 PST 2025
PrGfK1RiH5hIJEBAzEpQ6g==,Miguel Reyes,Fri Oct 10 03:59:08 PST 2025
N3OjCeIdciWbeYnQK8oFQA==,Darren Cruz,Mon Oct 13 22:06:01 PST 2025
7MF/4ss7hndCycbkvVZoUw==,Ethan Olivera,Mon Oct 13 22:06:45 PST 2025
byOTyguIOalkT/vwqbv83g==,Joshua Lim,Mon Oct 13 22:07:34 PST 2025
C5Dr7VCAvSw7cG+c5nRFYg==,Joshua Lim,Mon Oct 13 22:09:01 PST 2025
Fbbp1Jy3e3kLyEcNX97r4g==,Joshua Lim,Mon Oct 13 23:11:21 PST 2025
VBgBXw8C9ql2mu7GNcPvBg==,Darren Cruz,Tue Oct 14 00:21:59 PST 2025
